station_public_id,province,inventory_l,price_krw_per_l,latitude,longitude,stock_status_color,observed_at,regional_demand_base_l,station_inventory_score,station_price_pressure_score,station_supply_priority_score,station_priority_rank,municipality_supply_availability_score,final_priority_score,final_priority_rank
STN-001,Gyeonggi-do,1600,50,37.2305945,126.9695872,RED,2021-12-28 11:58:49,96533521.76011252,0.949438202247191,0.4073033707865168,78.59550561797754,12,0.8934947162632352,81.67634375160368,1
STN-002,Gyeonggi-do,1000,0,37.2490803,126.8942783,GRAY,2021-12-28 14:19:58,96533521.76011252,0.9803370786516854,0.0084269662921348,73.38483146067416,46,0.7701307554675109,80.40261510935021,2
STN-003,Gyeonggi-do,1500,0,37.1406237,127.2056,GRAY,2021-12-28 14:12:48,96533521.76011252,0.9803370786516854,0.2808988764044944,77.47191011235955,17,0.723550689647494,77.95906528242284,3
STN-004,Gyeonggi-do,2000,110,37.2244906,127.2100577,RED,2021-12-28 11:28:42,96533521.76011252,0.9353932584269664,0.7134831460674157,82.8370786516854,3,0.723550689647494,77.85906528242283,4
STN-005,Gyeonggi-do,2000,110,37.2954752,126.9367604,RED,2021-12-28 14:17:25,96533521.76011252,0.9353932584269664,0.7134831460674157,82.8370786516854,3,0.8076408283629397,77.48138422476094,5
STN-006,Gyeonggi-do,2000,0,37.4318886,126.8102154,GRAY,2021-12-28 11:17:42,96533521.76011252,0.9803370786516854,0.7134831460674157,83.96067415730337,2,0.7551417565825301,76.22065553921432,6
STN-007,Gyeonggi-do,1300,0,37.6041255,126.8220016,GRAY,2021-12-28 12:28:43,96533521.76011252,0.9803370786516854,0.0926966292134831,74.64887640449439,39,0.8287113404657249,75.98164754861564,7
STN-008,Gyeonggi-do,1300,200,37.1436086,126.8791024,YELLOW,2021-12-28 13:45:19,96533521.76011252,0.9129213483146068,0.0926966292134831,72.96348314606743,50,0.7701307554675109,75.65261510935021,8
STN-009,Gyeonggi-do,2200,6,37.4428095,127.1276032,RED,2021-12-28 10:36:36,96533521.76011252,0.9606741573033708,0.946629213483146,86.96629213483146,1,0.7106944017604395,73.54243583416688,9
STN-010,Gyeonggi-do,1300,100,37.151439,127.3858134,RED,2021-12-28 12:26:54,96533521.76011252,0.9438202247191012,0.0926966292134831,73.73595505617979,43,0.723550689647494,72.95906528242284,10
STN-011,Gyeonggi-do,1500,181,37.1850402,127.2039845,RED,2021-12-28 10:17:39,96533521.76011252,0.9213483146067416,0.2808988764044944,75.99719101123597,26,0.723550689647494,71.62406528242283,11
STN-012,Gyeonggi-do,1500,400,37.188255,126.6837312,YELLOW,2021-12-28 10:04:23,96533521.76011252,0.8567415730337079,0.2808988764044944,74.38202247191012,40,0.7701307554675109,70.15261510935021,12
STN-013,Gyeonggi-do,2000,370,37.1735875,127.3475208,YELLOW,2021-12-28 11:03:51,96533521.76011252,0.8707865168539326,0.7134831460674157,81.22191011235955,5,0.723550689647494,68.75906528242284,13
STN-014,Gyeonggi-do,1200,400,37.2110356,126.7518156,YELLOW,2021-12-28 08:26:19,96533521.76011252,0.8567415730337079,0.0365168539325842,70.71629213483146,62,0.7701307554675109,67.90261510935022,14
STN-015,Gyeonggi-do,2000,445,37.2253429,127.0792174,YELLOW,2021-12-28 08:18:48,96533521.76011252,0.8426966292134832,0.7134831460674157,80.51966292134833,7,0.723550689647494,66.13406528242284,15
STN-016,Gyeonggi-do,1500,268,37.370004,126.8739786,YELLOW,2021-12-28 12:54:46,96533521.76011252,0.904494382022472,0.2808988764044944,75.57584269662922,33,0.7551417565825301,63.090655539214325,16
STN-017,Gyeonggi-do,1800,580,37.5792095,126.8598854,YELLOW,2021-12-28 14:40:43,96533521.76011252,0.8146067415730337,0.4578651685393258,75.98314606741573,27,0.8287113404657249,59.43164754861564,17
STN-018,Gyeonggi-do,2000,830,37.2110205,126.8132703,YELLOW,2021-12-28 09:40:49,96533521.76011252,0.7191011235955056,0.7134831460674157,77.42977528089888,18,0.7701307554675109,58.85261510935022,18
STN-019,Gyeonggi-do,2000,510,36.968887,127.0617925,YELLOW,2021-12-28 11:18:37,96533521.76011252,0.8258426966292135,0.7134831460674157,80.09831460674158,9,0.588726970117594,57.19255789630368,19
STN-020,Gyeonggi-do,1300,360,36.9739438,126.8439223,YELLOW,2021-12-28 10:58:38,96533521.76011252,0.8792134831460674,0.0926966292134831,72.12078651685394,54,0.588726970117594,57.19255789630368,20
STN-021,Gyeonggi-do,2500,2040,37.0777638,126.8569491,GREEN,2021-12-28 11:40:38,96533521.76011252,0.1910112359550562,0.9915730337078652,58.39887640449439,96,0.7701307554675109,56.652615109350215,21
STN-022,Gyeonggi-do,2000,900,37.1923349,126.8386003,YELLOW,2021-12-28 12:01:11,96533521.76011252,0.6657303370786517,0.7134831460674157,76.09550561797754,25,0.7701307554675109,56.402615109350215,22
STN-023,Gyeonggi-do,2400,1850,37.1249429,126.9836487,GREEN,2021-12-28 11:36:32,96533521.76011252,0.2359550561797753,0.9803370786516854,59.35393258426967,91,0.7701307554675109,55.902615109350215,23
STN-024,Gyeonggi-do,1800,20,37.1385473,127.037133,RED,2021-12-28 08:50:51,96533521.76011252,0.9550561797752808,0.4578651685393258,79.49438202247191,10,0.4824995797949618,55.44640505556215,24
STN-025,Gyeonggi-do,2000,950,37.1353232,126.8633654,YELLOW,2021-12-28 09:12:59,96533521.76011252,0.6404494382022472,0.7134831460674157,75.46348314606742,34,0.7701307554675109,54.65261510935022,25
STN-026,Incheon,1200,0,37.4316956,126.6238205,GRAY,2021-12-28 13:53:38,20757939.40511667,0.9803370786516854,0.0365168539325842,60.056179775280896,88,0.3378056118034636,53.89251034893425,26
STN-027,Gyeonggi-do,2000,630,37.110765,127.0813137,YELLOW,2021-12-28 09:04:13,96533521.76011252,0.7921348314606742,0.7134831460674157,79.2556179775281,11,0.588726970117594,52.99255789630368,27
STN-028,Gyeonggi-do,2000,1380,37.1271734,126.9010736,GREEN,2021-12-28 09:01:24,96533521.76011252,0.4073033707865169,0.7134831460674157,59.63483146067416,89,0.7701307554675109,52.902615109350215,28
STN-029,Gyeonggi-do,2000,1390,37.1129492,126.883559,GREEN,2021-12-28 13:41:46,96533521.76011252,0.398876404494382,0.7134831460674157,59.42415730337079,90,0.7701307554675109,52.902615109350215,29
STN-030,Gyeonggi-do,2000,1480,37.179821,126.7089082,GREEN,2021-12-28 14:35:33,96533521.76011252,0.348314606741573,0.7134831460674157,58.16011235955057,98,0.7701307554675109,52.902615109350215,30
STN-031,Gyeonggi-do,2000,1597,37.21129,126.7575271,GREEN,2021-12-28 13:04:01,96533521.76011252,0.2865168539325843,0.7134831460674157,56.61516853932585,104,0.7701307554675109,52.902615109350215,31
STN-032,Gyeonggi-do,2000,2000,37.1663285,126.8494857,GREEN,2021-12-28 09:01:51,96533521.76011252,0.2134831460674157,0.7134831460674157,54.78932584269664,112,0.7701307554675109,52.902615109350215,32
STN-033,Gyeonggi-do,2000,2020,37.2028524,126.7922568,GREEN,2021-12-28 09:30:53,96533521.76011252,0.1966292134831461,0.7134831460674157,54.367977528089895,114,0.7701307554675109,52.902615109350215,33
STN-034,Gyeonggi-do,2000,2241,37.0365496,126.8060163,GREEN,2021-12-28 10:45:28,96533521.76011252,0.1460674157303371,0.7134831460674157,53.10393258426967,118,0.7701307554675109,52.902615109350215,34
STN-035,Incheon,3000,632,37.3992324,126.7112527,YELLOW,2021-12-28 05:40:07,20757939.40511667,0.7865168539325843,1.0,69.66292134831461,65,0.5778822317269574,52.447161016326845,35
STN-036,Gyeonggi-do,1500,150,37.9497716,127.2384759,RED,2021-12-28 14:54:42,96533521.76011252,0.9269662921348316,0.2808988764044944,76.13764044943821,24,0.436887371514083,52.11056326701752,36
STN-037,Gyeonggi-do,2000,1400,37.2312751,127.0208862,GREEN,2021-12-28 09:57:46,96533521.76011252,0.3876404494382022,0.7134831460674157,59.1432584269663,93,0.8934947162632352,51.42634375160369,37
STN-038,Gyeonggi-do,1800,1470,37.0576322,126.7967145,GREEN,2021-12-28 11:24:23,96533521.76011252,0.3595505617977528,0.4578651685393258,54.60674157303372,113,0.7701307554675109,51.402615109350215,38
STN-039,Gyeonggi-do,1800,1526,37.0650311,126.7966501,GREEN,2021-12-28 14:19:47,96533521.76011252,0.3146067415730337,0.4578651685393258,53.48314606741574,116,0.7701307554675109,51.402615109350215,39
STN-040,Gyeonggi-do,1800,1700,37.2102237,126.7623835,GREEN,2021-12-28 12:28:03,96533521.76011252,0.2668539325842697,0.4578651685393258,52.28932584269664,125,0.7701307554675109,51.402615109350215,40
STN-041,Gyeonggi-do,1300,900,37.1951627,126.665842,YELLOW,2021-12-28 09:16:52,96533521.76011252,0.6657303370786517,0.0926966292134831,66.78370786516854,70,0.7701307554675109,51.15261510935022,41
STN-042,Gyeonggi-do,1300,0,37.0230407,127.2581728,GRAY,2021-12-28 14:32:19,96533521.76011252,0.9803370786516854,0.0926966292134831,74.64887640449439,39,0.1901990125191858,50.56393087634301,42
STN-043,Gyeonggi-do,2000,700,36.9431052,127.0510788,YELLOW,2021-12-28 12:15:31,96533521.76011252,0.7612359550561798,0.7134831460674157,78.48314606741575,13,0.588726970117594,50.54255789630368,43
STN-044,Gyeonggi-do,1500,600,36.9591926,126.856134,YELLOW,2021-12-28 09:28:34,96533521.76011252,0.8033707865168539,0.2808988764044944,73.04775280898878,49,0.588726970117594,50.29255789630368,44
STN-045,Gyeonggi-do,2000,840,37.5888825,127.2060224,YELLOW,2021-12-28 11:53:48,96533521.76011252,0.7078651685393258,0.7134831460674157,77.14887640449439,21,0.793851461874131,50.2482327158966,45
STN-046,Gyeonggi-do,1400,452,37.2885999,127.333042,YELLOW,2021-12-28 14:23:40,96533521.76011252,0.8370786516853932,0.146067415730337,71.8679775280899,56,0.5614627176163034,50.20332970351087,46
STN-047,Gyeonggi-do,1800,2080,37.2477816,127.0480566,GREEN,2021-12-28 13:04:02,96533521.76011252,0.1685393258426966,0.4578651685393258,49.83146067415731,141,0.8934947162632352,49.92634375160369,47
STN-048,Gyeonggi-do,1500,1070,37.1434571,126.9178329,GREEN,2021-12-28 10:03:56,96533521.76011252,0.5561797752808989,0.2808988764044944,66.8679775280899,69,0.7701307554675109,49.152615109350215,48
STN-049,Gyeonggi-do,1500,1215,37.0998252,126.9024195,GREEN,2021-12-28 12:20:44,96533521.76011252,0.4887640449438202,0.2808988764044944,65.18258426966293,74,0.7701307554675109,49.152615109350215,49
STN-050,Gyeonggi-do,1500,1233,37.2075747,126.7679129,GREEN,2021-12-28 13:16:33,96533521.76011252,0.4831460674157303,0.2808988764044944,65.04213483146069,75,0.7701307554675109,49.152615109350215,50
STN-051,Gyeonggi-do,1500,1320,37.1924955,126.8392568,GREEN,2021-12-28 12:31:34,96533521.76011252,0.4382022471910112,0.2808988764044944,53.9185393258427,115,0.7701307554675109,49.152615109350215,51
STN-052,Gyeonggi-do,2200,1530,37.2566471,127.0961569,GREEN,2021-12-28 12:02:12,96533521.76011252,0.3089887640449438,0.946629213483146,60.6741573033708,84,0.723550689647494,48.20906528242285,52
STN-053,Gyeonggi-do,2200,2370,37.2630848,127.138561,GREEN,2021-12-28 09:12:31,96533521.76011252,0.1179775280898876,0.946629213483146,55.89887640449439,108,0.723550689647494,48.20906528242285,53
STN-054,Gyeonggi-do,2200,1176,37.2939102,126.8948565,GREEN,2021-12-28 13:06:26,96533521.76011252,0.5168539325842696,0.946629213483146,75.87078651685394,28,0.8076408283629397,47.83138422476094,54
STN-055,Gyeonggi-do,1200,2050,37.2519877,126.8721475,GREEN,2021-12-28 09:43:24,96533521.76011252,0.1853932584269663,0.0365168539325842,43.932584269662925,155,0.7701307554675109,46.90261510935022,55
STN-056,Gyeonggi-do,2000,1077,37.2385094,127.1064761,GREEN,2021-12-28 14:15:52,96533521.76011252,0.5449438202247191,0.7134831460674157,73.07584269662922,48,0.723550689647494,46.70906528242285,56
STN-057,Gyeonggi-do,2000,3228,37.27596709,127.07715021,GREEN,2021-12-28 06:06:12,96533521.76011252,0.0617977528089888,0.7134831460674157,50.99719101123597,132,0.723550689647494,46.70906528242285,57
STN-058,Gyeonggi-do,2000,3500,37.2385206,127.1784809,GREEN,2021-12-28 09:07:52,96533521.76011252,0.0393258426966292,0.7134831460674157,50.43539325842697,137,0.723550689647494,46.70906528242285,58
STN-059,Incheon,1400,463,37.4300261,126.7341209,YELLOW,2021-12-28 12:18:22,20757939.40511667,0.8314606741573034,0.146067415730337,57.97752808988764,99,0.5778822317269574,46.36216101632686,59
STN-060,Gyeonggi-do,2000,2300,37.3548427,126.8727877,GREEN,2021-12-28 12:01:47,96533521.76011252,0.1376404494382022,0.7134831460674157,52.8932584269663,120,0.8076408283629397,46.33138422476094,60
STN-061,Gyeonggi-do,2000,1000,37.6315773,126.7860889,GREEN,2021-12-28 14:53:31,96533521.76011252,0.5926966292134832,0.7134831460674157,74.26966292134833,41,0.8287113404657249,46.23164754861564,61
STN-062,Gyeonggi-do,2000,700,37.3675696,127.2320258,YELLOW,2021-12-28 09:35:13,96533521.76011252,0.7612359550561798,0.7134831460674157,78.48314606741575,13,0.5614627176163034,46.02332970351088,62
STN-063,Gyeonggi-do,2000,700,37.3431361,127.2020226,YELLOW,2021-12-28 09:34:56,96533521.76011252,0.7612359550561798,0.7134831460674157,78.48314606741575,13,0.5614627176163034,46.02332970351088,63
STN-064,Gyeonggi-do,1500,730,36.9291711,126.9153709,YELLOW,2021-12-28 09:26:12,96533521.76011252,0.747191011235955,0.2808988764044944,71.6432584269663,57,0.588726970117594,45.74255789630368,64
STN-065,Gyeonggi-do,1800,800,37.0428775,127.0623315,YELLOW,2021-12-28 12:55:53,96533521.76011252,0.7331460674157304,0.4578651685393258,73.94662921348316,42,0.588726970117594,45.54255789630368,65
STN-066,Gyeonggi-do,1800,300,37.8658809,127.0605213,YELLOW,2021-12-28 08:54:07,96533521.76011252,0.898876404494382,0.4578651685393258,78.08988764044943,14,0.3425983979983547,45.52118293649665,66
STN-067,Gyeonggi-do,1000,1456,37.1838606,126.8830985,GREEN,2021-12-28 13:58:10,96533521.76011252,0.3707865168539326,0.0084269662921348,48.14606741573034,145,0.7701307554675109,45.40261510935022,67
STN-068,Gyeonggi-do,1600,304,37.281844,127.475903,YELLOW,2021-12-28 12:59:30,96533521.76011252,0.8932584269662921,0.4073033707865168,77.19101123595507,20,0.2855633534167746,45.214637622926205,68
STN-069,Gyeonggi-do,2000,984,37.6478629,127.2354864,YELLOW,2021-12-28 14:11:28,96533521.76011252,0.6179775280898876,0.7134831460674157,74.90168539325843,38,0.793851461874131,45.20823271589661,69
STN-070,Gyeonggi-do,2000,1500,37.6084239,127.2109228,GREEN,2021-12-28 10:43:45,96533521.76011252,0.3286516853932584,0.7134831460674157,57.6685393258427,101,0.793851461874131,44.64823271589661,70
STN-071,Incheon,1500,605,37.6055707,126.6459976,YELLOW,2021-12-28 09:09:52,20757939.40511667,0.797752808988764,0.2808988764044944,59.15730337078652,92,0.5944993376057989,44.559475791711954,71
STN-072,Gyeonggi-do,1500,1000,37.1078688,127.178377,GREEN,2021-12-28 10:32:10,96533521.76011252,0.5926966292134832,0.2808988764044944,67.7808988764045,67,0.723550689647494,42.959065282422834,72
STN-073,Gyeonggi-do,2000,360,37.6070706,127.1344962,YELLOW,2021-12-28 13:07:43,96533521.76011252,0.8792134831460674,0.7134831460674157,81.43258426966293,4,0.4577699968646836,42.73605909221425,73
STN-074,Gyeonggi-do,1500,1553,37.2415923,126.5924318,GREEN,2021-12-28 09:31:22,96533521.76011252,0.3033707865168539,0.2808988764044944,50.547752808988776,136,0.8076408283629397,42.58138422476093,74
STN-075,Gyeonggi-do,2200,850,37.2805735,127.3421772,YELLOW,2021-12-28 11:54:41,96533521.76011252,0.702247191011236,0.946629213483146,80.5056179775281,8,0.5614627176163034,42.27332970351087,75
STN-076,Incheon,2000,636,37.486792,126.7331326,YELLOW,2021-12-28 11:56:46,20757939.40511667,0.7808988764044944,0.7134831460674157,65.2247191011236,73,0.591450686427441,42.23949842962077,76
STN-077,Gyeonggi-do,2000,400,37.012164,127.247241,YELLOW,2021-12-28 12:30:00,96533521.76011252,0.8567415730337079,0.7134831460674157,80.87078651685394,6,0.1901990125191858,41.813930876343,77
STN-078,Gyeonggi-do,1200,650,37.3946,127.3133483,YELLOW,2021-12-28 14:13:16,96533521.76011252,0.7752808988764045,0.0365168539325842,68.67977528089888,66,0.5614627176163034,41.77332970351087,78
STN-079,Gyeonggi-do,2000,3322,37.5095376,126.7985945,GREEN,2021-12-28 10:54:18,96533521.76011252,0.050561797752809,0.7134831460674157,50.71629213483146,133,0.749907346909929,41.72905017339842,79
STN-080,Gyeonggi-do,1300,6900,37.2320243,127.2979189,GREEN,2021-12-28 11:44:54,96533521.76011252,0.0,0.0926966292134831,40.14044943820225,157,0.723550689647494,41.45906528242285,80
STN-081,Gyeonggi-do,1500,200,37.336115,126.9539926,YELLOW,2021-12-28 11:13:41,96533521.76011252,0.9129213483146068,0.2808988764044944,75.7865168539326,29,0.2838390340774184,41.00773596933313,81
STN-082,Gyeonggi-do,2500,1092,37.6981989,126.5757217,GREEN,2021-12-28 12:31:17,96533521.76011252,0.5393258426966292,0.9915730337078652,77.10674157303372,22,0.6822609238659274,40.456955427576126,82
STN-083,Gyeonggi-do,2000,1276,37.0646273,127.0922513,GREEN,2021-12-28 09:02:30,96533521.76011252,0.4606741573033708,0.7134831460674157,70.96910112359551,61,0.588726970117594,40.04255789630369,83
STN-084,Gyeonggi-do,2000,1501,37.0044066,126.8275843,GREEN,2021-12-28 06:09:35,96533521.76011252,0.3202247191011236,0.7134831460674157,57.45786516853933,102,0.588726970117594,40.04255789630369,84
STN-085,Gyeonggi-do,2000,2188,37.0328071,127.1263987,GREEN,2021-12-28 12:32:20,96533521.76011252,0.1573033707865169,0.7134831460674157,53.38483146067416,117,0.588726970117594,40.04255789630369,85
STN-086,Gyeonggi-do,2000,4000,37.04411098,127.1011286,GREEN,2021-12-28 09:01:51,96533521.76011252,0.0168539325842697,0.7134831460674157,49.87359550561799,140,0.588726970117594,40.04255789630369,86
STN-087,Gyeonggi-do,1500,350,37.023877,127.2651376,YELLOW,2021-12-28 11:22:31,96533521.76011252,0.8876404494382022,0.2808988764044944,75.15449438202248,36,0.1901990125191858,39.813930876343,87
STN-088,Gyeonggi-do,1500,400,37.8759391,127.0246506,YELLOW,2021-12-28 12:08:10,96533521.76011252,0.8567415730337079,0.2808988764044944,74.38202247191012,40,0.3425983979983547,39.77118293649665,88
STN-089,Gyeonggi-do,2000,880,37.4320032,127.2613132,YELLOW,2021-12-28 12:02:45,96533521.76011252,0.6797752808988764,0.7134831460674157,76.44662921348315,23,0.5614627176163034,39.72332970351087,89
STN-090,Gyeonggi-do,1800,1330,37.3510949,126.7224406,GREEN,2021-12-28 10:33:44,96533521.76011252,0.4325842696629213,0.4578651685393258,56.432584269662925,105,0.7551417565825301,39.720655539214334,90
STN-091,Gyeonggi-do,2200,1182,37.5845085,126.7958021,GREEN,2021-12-28 12:52:33,96533521.76011252,0.5056179775280899,0.946629213483146,75.58988764044945,32,0.6822609238659274,38.206955427576126,91
STN-092,Gyeonggi-do,2000,1255,37.801992,126.8809745,GREEN,2021-12-28 09:22:05,96533521.76011252,0.4775280898876404,0.7134831460674157,71.39044943820225,59,0.6743431513596828,38.11415669241399,92
STN-093,Gyeonggi-do,2000,3339,37.8084801,126.7939965,GREEN,2021-12-28 06:20:27,96533521.76011252,0.0449438202247191,0.7134831460674157,50.57584269662922,135,0.6743431513596828,38.11415669241399,93
STN-094,Gyeonggi-do,1400,564,37.2486473,127.6492344,YELLOW,2021-12-28 10:12:16,96533521.76011252,0.8202247191011236,0.146067415730337,71.44662921348315,58,0.449432358530365,37.52171272787231,94
STN-095,Gyeonggi-do,1500,1010,37.0061037,127.0726601,GREEN,2021-12-28 12:25:34,96533521.76011252,0.5617977528089888,0.2808988764044944,67.00842696629215,68,0.588726970117594,36.29255789630369,95
STN-096,Gyeonggi-do,1500,1210,36.9452593,126.8755747,GREEN,2021-12-28 14:33:38,96533521.76011252,0.4971910112359551,0.2808988764044944,65.3932584269663,72,0.588726970117594,36.29255789630369,96
STN-097,Gyeonggi-do,1500,1210,37.0284483,126.9740156,GREEN,2021-12-28 13:49:49,96533521.76011252,0.4971910112359551,0.2808988764044944,65.3932584269663,72,0.588726970117594,36.29255789630369,97
STN-098,Gyeonggi-do,1500,1400,36.9852515,126.8599971,GREEN,2021-12-28 04:46:45,96533521.76011252,0.3876404494382022,0.2808988764044944,52.65449438202248,122,0.588726970117594,36.29255789630369,98
STN-099,Gyeonggi-do,1500,1500,37.0011483,126.9432338,GREEN,2021-12-28 12:36:43,96533521.76011252,0.3286516853932584,0.2808988764044944,51.17977528089888,130,0.588726970117594,36.29255789630369,99
STN-100,Gyeonggi-do,2000,979,37.3281315,127.3949296,YELLOW,2021-12-28 12:01:50,96533521.76011252,0.6292134831460674,0.7134831460674157,75.18258426966293,35,0.5614627176163034,36.25832970351088,100
STN-101,Gyeonggi-do,2400,1610,37.3797147,126.938793,GREEN,2021-12-28 08:33:03,96533521.76011252,0.2808988764044944,0.9803370786516854,60.47752808988764,86,0.6256716034762899,35.54928443849612,101
STN-102,Gyeonggi-do,2000,1300,37.4706612,127.3102983,GREEN,2021-12-28 13:32:06,96533521.76011252,0.449438202247191,0.7134831460674157,70.68820224719101,63,0.5614627176163034,35.52332970351087,102
STN-103,Gyeonggi-do,2000,1478,37.4341888,127.2620682,GREEN,2021-12-28 12:01:28,96533521.76011252,0.3539325842696629,0.7134831460674157,58.30056179775282,97,0.5614627176163034,35.52332970351087,103
STN-104,Gyeonggi-do,2000,2000,37.3959413,127.2372829,GREEN,2021-12-28 11:30:03,96533521.76011252,0.2134831460674157,0.7134831460674157,54.78932584269664,112,0.5614627176163034,35.52332970351087,104
STN-105,Incheon,2000,972,37.6097601,126.6438268,YELLOW,2021-12-28 11:19:25,20757939.40511667,0.6348314606741573,0.7134831460674157,61.57303370786517,82,0.5944993376057989,35.464475791711955,105
STN-106,Gyeonggi-do,1300,1800,36.9778962,126.8433576,GREEN,2021-12-28 13:41:58,96533521.76011252,0.2415730337078652,0.0926966292134831,46.17977528089889,149,0.588726970117594,34.79255789630369,106
STN-107,Gyeonggi-do,1300,1900,36.9427559,126.9141712,GREEN,2021-12-28 10:31:18,96533521.76011252,0.2303370786516854,0.0926966292134831,45.89887640449439,150,0.588726970117594,34.79255789630369,107
STN-108,Incheon,2000,928,37.3964804,126.7155421,YELLOW,2021-12-28 09:10:21,20757939.40511667,0.6573033707865168,0.7134831460674157,62.13483146067415,80,0.5778822317269574,34.58716101632685,108
STN-109,Gyeonggi-do,1500,1260,37.7878356,126.6880087,GREEN,2021-12-28 11:04:06,96533521.76011252,0.4719101123595506,0.2808988764044944,64.7612359550562,77,0.6743431513596828,34.36415669241399,109
STN-110,Gyeonggi-do,1800,1557,37.411052,127.20162,GREEN,2021-12-28 10:09:20,96533521.76011252,0.297752808988764,0.4578651685393258,53.06179775280899,119,0.5614627176163034,34.023329703510875,110
STN-111,Gyeonggi-do,1800,2010,37.4072057,127.2272459,GREEN,2021-12-28 14:06:45,96533521.76011252,0.202247191011236,0.4578651685393258,50.6741573033708,134,0.5614627176163034,34.023329703510875,111
STN-112,Gyeonggi-do,1500,700,37.9039754,127.2108381,YELLOW,2021-12-28 07:40:18,96533521.76011252,0.7612359550561798,0.2808988764044944,71.99438202247192,55,0.436887371514083,32.860563267017525,112
STN-113,Incheon,1500,891,37.4482995,126.7272543,YELLOW,2021-12-28 14:48:08,20757939.40511667,0.6741573033707865,0.2808988764044944,56.06741573033708,107,0.5778822317269574,32.132161016326855,113
STN-114,Incheon,2000,1180,37.3956621,126.7139047,GREEN,2021-12-28 10:20:06,20757939.40511667,0.5112359550561798,0.7134831460674157,58.48314606741573,95,0.5778822317269574,32.06716101632686,114
STN-115,Incheon,2000,1380,37.3933359,126.7135585,GREEN,2021-12-28 08:01:32,20757939.40511667,0.4073033707865169,0.7134831460674157,55.88483146067416,109,0.5778822317269574,32.06716101632686,115
STN-116,Gyeonggi-do,1500,1142,37.3633525,127.3140785,GREEN,2021-12-28 13:56:16,96533521.76011252,0.5280898876404494,0.2808988764044944,66.16573033707866,71,0.5614627176163034,31.77332970351087,116
STN-117,Gyeonggi-do,1500,597,37.0980136,127.4338508,YELLOW,2021-12-28 11:39:51,96533521.76011252,0.8089887640449438,0.2808988764044944,73.18820224719101,47,0.1901990125191858,31.168930876343005,117
STN-118,Gyeonggi-do,2000,800,37.1496698,127.6260879,YELLOW,2021-12-28 09:18:10,96533521.76011252,0.7331460674157304,0.7134831460674157,77.7808988764045,16,0.2855633534167746,30.854637622926205,118
STN-119,Incheon,1500,1756,37.5125123,126.649565,GREEN,2021-12-28 13:45:00,20757939.40511667,0.2528089887640449,0.2808988764044944,45.53370786516854,153,0.5944993376057989,30.73447579171196,119
STN-120,Incheon,1500,2510,37.49267739,126.6482962,GREEN,2021-12-28 12:02:05,20757939.40511667,0.1067415730337079,0.2808988764044944,31.882022471910112,161,0.5944993376057989,30.73447579171196,120
STN-121,Incheon,1200,1000,37.4847304,126.6633538,GREEN,2021-12-28 11:52:26,20757939.40511667,0.5926966292134832,0.0365168539325842,50.36516853932584,138,0.5944993376057989,28.484475791711954,121
STN-122,Incheon,1200,1350,37.4919538,126.660666,GREEN,2021-12-28 12:17:06,20757939.40511667,0.4269662921348315,0.0365168539325842,46.22191011235955,148,0.5944993376057989,28.484475791711954,122
STN-123,Gyeonggi-do,2000,837,37.1622877,127.0674367,YELLOW,2021-12-28 12:35:11,96533521.76011252,0.7134831460674158,0.7134831460674157,77.28932584269664,19,0.4824995797949618,28.35140505556216,123
STN-124,Gyeonggi-do,1900,870,37.2443924,127.3620482,YELLOW,2021-12-28 11:25:28,96533521.76011252,0.696629213483146,0.497191011235955,73.62359550561798,45,0.2855633534167746,27.6546376229262,124
STN-125,Gyeonggi-do,2000,980,37.2120927,127.5419906,YELLOW,2021-12-28 11:02:23,96533521.76011252,0.6235955056179776,0.7134831460674157,75.04213483146069,37,0.449432358530365,27.461712727872307,125
STN-126,Gyeonggi-do,2000,1156,38.0310553,127.2604732,GREEN,2021-12-28 13:59:37,96533521.76011252,0.5224719101123596,0.7134831460674157,72.51404494382024,53,0.436887371514083,26.11056326701752,126
STN-127,Gyeonggi-do,2000,2349,37.891487,127.2015029,GREEN,2021-12-28 12:54:54,96533521.76011252,0.1235955056179775,0.7134831460674157,52.542134831460686,123,0.436887371514083,26.11056326701752,127
STN-128,Gyeonggi-do,2000,3960,37.9804976,127.2438608,GREEN,2021-12-28 09:00:10,96533521.76011252,0.0224719101123596,0.7134831460674157,50.01404494382024,139,0.436887371514083,26.11056326701752,128
STN-129,Incheon,2000,2000,37.4543862,126.6224801,GREEN,2021-12-28 14:32:09,20757939.40511667,0.2134831460674157,0.7134831460674157,41.03932584269663,156,0.3378056118034636,24.892510348934252,129
STN-130,Incheon,2000,2072,37.45088617,126.6196854,GREEN,2021-12-28 13:18:11,20757939.40511667,0.1741573033707865,0.7134831460674157,40.056179775280896,158,0.3378056118034636,24.892510348934252,130
STN-131,Incheon,2000,2600,37.448236,126.6288275,GREEN,2021-12-28 10:31:30,20757939.40511667,0.101123595505618,0.7134831460674157,38.23033707865169,159,0.3378056118034636,24.892510348934252,131
STN-132,Gyeonggi-do,2300,1490,37.7797059,127.0289534,GREEN,2021-12-28 12:06:51,96533521.76011252,0.3398876404494382,0.9719101123595506,61.82584269662922,81,0.3425983979983547,24.77118293649665,132
STN-133,Gyeonggi-do,2000,940,37.8564343,127.030893,YELLOW,2021-12-28 12:41:44,96533521.76011252,0.651685393258427,0.7134831460674157,75.74438202247192,30,0.3425983979983547,24.62118293649665,133
STN-134,Gyeonggi-do,2000,948,37.8683667,127.0603002,YELLOW,2021-12-28 12:55:57,96533521.76011252,0.6460674157303371,0.7134831460674157,75.60393258426967,31,0.3425983979983547,24.34118293649665,134
STN-135,Incheon,1900,3300,37.453282,126.6160684,GREEN,2021-12-28 12:23:49,20757939.40511667,0.0561797752808989,0.497191011235955,33.8623595505618,160,0.3378056118034636,24.142510348934252,135
STN-136,Gyeonggi-do,2000,1000,37.244506,127.4331038,GREEN,2021-12-28 11:03:22,96533521.76011252,0.5926966292134832,0.7134831460674157,74.26966292134833,41,0.2855633534167746,23.8546376229262,136
STN-137,Gyeonggi-do,2000,1000,37.1090538,127.5734406,GREEN,2021-12-28 08:32:05,96533521.76011252,0.5926966292134832,0.7134831460674157,74.26966292134833,41,0.2855633534167746,23.8546376229262,137
STN-138,Gyeonggi-do,2000,1108,37.2436998,127.4328991,GREEN,2021-12-28 09:54:15,96533521.76011252,0.5337078651685394,0.7134831460674157,72.79494382022473,51,0.2855633534167746,23.8546376229262,138
STN-139,Gyeonggi-do,2000,1467,37.1344662,127.5153505,GREEN,2021-12-28 12:57:55,96533521.76011252,0.3651685393258427,0.7134831460674157,58.58146067415731,94,0.2855633534167746,23.8546376229262,139
STN-140,Gyeonggi-do,2000,2330,37.2420706,127.5028016,GREEN,2021-12-28 14:49:04,96533521.76011252,0.1292134831460674,0.7134831460674157,52.682584269662925,121,0.2855633534167746,23.8546376229262,140
STN-141,Gyeonggi-do,2000,2702,37.2875484,127.4897245,GREEN,2021-12-28 12:18:58,96533521.76011252,0.0955056179775281,0.7134831460674157,51.83988764044945,126,0.2855633534167746,23.8546376229262,141
STN-142,Gyeonggi-do,1600,1374,37.1838543,127.662086,GREEN,2021-12-28 14:49:44,96533521.76011252,0.4157303370786517,0.4073033707865168,55.25280898876405,110,0.449432358530365,23.761712727872304,142
STN-143,Gyeonggi-do,1500,1700,37.274182,127.6376396,GREEN,2021-12-28 09:25:58,96533521.76011252,0.2668539325842697,0.2808988764044944,49.63483146067416,142,0.449432358530365,23.011712727872304,143
STN-144,Gyeonggi-do,1500,2400,37.2600212,127.6426481,GREEN,2021-12-28 12:13:20,96533521.76011252,0.1123595505617978,0.2808988764044944,45.77247191011237,151,0.449432358530365,23.011712727872304,144
STN-145,Incheon,1400,5210,37.576637,126.7187914,GREEN,2021-12-28 14:08:08,20757939.40511667,0.0056179775280899,0.146067415730337,27.331460674157302,166,0.4896639076411181,22.421140536354194,145
STN-146,Gyeonggi-do,2200,1560,37.0824102,127.2107496,GREEN,2021-12-28 13:29:12,96533521.76011252,0.2921348314606742,0.946629213483146,60.25280898876406,87,0.1901990125191858,22.313930876343,146
STN-147,Gyeonggi-do,2000,1700,37.45620108,126.8804065,GREEN,2021-12-28 10:23:15,96533521.76011252,0.2668539325842697,0.7134831460674157,56.12359550561799,106,0.4583023223978196,22.26167785009096,147
STN-148,Gyeonggi-do,1300,1355,37.3852554,127.5263272,GREEN,2021-12-28 08:26:01,96533521.76011252,0.4213483146067416,0.0926966292134831,50.6741573033708,134,0.449432358530365,21.511712727872304,148
STN-149,Incheon,1500,3850,37.4475912,126.6268372,GREEN,2021-12-28 12:58:09,20757939.40511667,0.0337078651685393,0.2808988764044944,30.056179775280896,164,0.3378056118034636,21.142510348934252,149
STN-150,Gyeonggi-do,1600,2300,37.2941395,127.3758207,GREEN,2021-12-28 12:09:26,96533521.76011252,0.1376404494382022,0.4073033707865168,48.30056179775281,144,0.2855633534167746,20.8546376229262,150
STN-151,Gyeonggi-do,2000,1006,37.0157472,127.3149233,GREEN,2021-12-28 13:39:24,96533521.76011252,0.5674157303370786,0.7134831460674157,73.63764044943821,44,0.1901990125191858,20.813930876343008,151
STN-152,Gyeonggi-do,2000,2788,37.0451842,127.156934,GREEN,2021-12-28 14:32:07,96533521.76011252,0.0898876404494382,0.7134831460674157,51.6994382022472,127,0.1901990125191858,20.813930876343008,152
STN-153,Gyeonggi-do,2000,2943,37.0378434,127.1511057,GREEN,2021-12-28 12:15:28,96533521.76011252,0.0786516853932584,0.7134831460674157,51.4185393258427,128,0.1901990125191858,20.813930876343008,153
STN-154,Gyeonggi-do,2000,3059,37.0515516,127.2484473,GREEN,2021-12-28 12:36:13,96533521.76011252,0.0730337078651685,0.7134831460674157,51.27808988764045,129,0.1901990125191858,20.813930876343008,154
STN-155,Gyeonggi-do,2000,3160,37.0740101,127.4909489,GREEN,2021-12-28 12:04:45,96533521.76011252,0.0674157303370787,0.7134831460674157,51.13764044943821,131,0.1901990125191858,20.813930876343008,155
STN-156,Gyeonggi-do,1500,1000,37.329598,126.9348359,GREEN,2021-12-28 09:31:55,96533521.76011252,0.5926966292134832,0.2808988764044944,67.7808988764045,67,0.5061378875217519,20.540490416131263,156
STN-157,Gyeonggi-do,1700,3890,37.7873426,127.0200318,GREEN,2021-12-28 08:20:54,96533521.76011252,0.0280898876404493,0.4213483146067415,45.77247191011236,152,0.3425983979983547,20.27118293649665,157
STN-158,Gyeonggi-do,1500,1401,37.3088175,127.4643888,GREEN,2021-12-28 09:03:46,96533521.76011252,0.3764044943820225,0.2808988764044944,52.37359550561799,124,0.2855633534167746,20.1046376229262,158
STN-159,Gyeonggi-do,1500,1780,37.3131812,127.4672227,GREEN,2021-12-28 08:40:55,96533521.76011252,0.2471910112359551,0.2808988764044944,49.14325842696631,143,0.2855633534167746,20.1046376229262,159
STN-160,Gyeonggi-do,1400,1071,37.2928204,127.5193159,GREEN,2021-12-28 12:53:30,96533521.76011252,0.550561797752809,0.146067415730337,64.70505617977528,78,0.2855633534167746,19.354637622926205,160
STN-161,Incheon,1200,1400,37.4689161,126.6242628,GREEN,2021-12-28 10:52:50,20757939.40511667,0.3876404494382022,0.0365168539325842,45.23876404494381,154,0.3378056118034636,18.892510348934252,161
STN-162,Gyeonggi-do,1500,1700,37.808013,127.0459485,GREEN,2021-12-28 04:09:54,96533521.76011252,0.2668539325842697,0.2808988764044944,49.63483146067416,142,0.3425983979983547,18.77118293649665,162
STN-163,Gyeonggi-do,2200,2067,37.3377533,126.9803109,GREEN,2021-12-28 14:46:49,96533521.76011252,0.1797752808988764,0.946629213483146,57.44382022471911,103,0.2838390340774184,18.257735969333133,163
STN-164,Gyeonggi-do,2000,792,37.7016979,127.5434742,YELLOW,2021-12-28 13:05:34,96533521.76011252,0.7415730337078652,0.7134831460674157,77.99157303370788,15,0.0682493638743566,17.813275424413455,164
STN-165,Gyeonggi-do,1500,1270,37.0245838,127.3324282,GREEN,2021-12-28 08:46:31,96533521.76011252,0.4662921348314607,0.2808988764044944,64.62078651685394,79,0.1901990125191858,17.063930876343004,165
STN-166,Gyeonggi-do,1500,2123,37.1075409,127.2197847,GREEN,2021-12-28 12:01:33,96533521.76011252,0.1629213483146067,0.2808988764044944,47.03651685393259,146,0.1901990125191858,17.063930876343004,166
STN-167,Gyeonggi-do,2000,1912,37.3348615,126.9603317,GREEN,2021-12-28 09:08:34,96533521.76011252,0.2247191011235955,0.7134831460674157,55.070224719101134,111,0.2838390340774184,16.757735969333133,167
STN-168,Gyeonggi-do,1300,1000,37.0239105,127.2658829,GREEN,2021-12-28 12:03:30,96533521.76011252,0.5926966292134832,0.0926966292134831,64.95786516853934,76,0.1901990125191858,15.563930876343008,168
STN-169,Gyeonggi-do,1300,1300,37.0767838,127.1324553,GREEN,2021-12-28 12:05:05,96533521.76011252,0.449438202247191,0.0926966292134831,61.37640449438203,83,0.1901990125191858,15.563930876343008,169
STN-170,Gyeonggi-do,1800,875,37.7019217,127.5467986,YELLOW,2021-12-28 13:27:39,96533521.76011252,0.6853932584269663,0.4578651685393258,72.75280898876406,52,0.0682493638743566,13.408275424413455,170
STN-171,Gyeonggi-do,1500,818,37.6862131,127.3791319,YELLOW,2021-12-28 09:19:49,96533521.76011252,0.7247191011235955,0.2808988764044944,71.08146067415731,60,0.0682493638743566,13.153275424413458,171
STN-172,Gyeonggi-do,1500,873,37.7736461,127.4575568,YELLOW,2021-12-28 12:11:31,96533521.76011252,0.6910112359550562,0.2808988764044944,70.23876404494384,64,0.0682493638743566,11.228275424413455,172
STN-173,Gyeonggi-do,2000,1490,37.7976304,127.4821454,GREEN,2021-12-28 12:13:15,96533521.76011252,0.3398876404494382,0.7134831460674157,57.9494382022472,100,0.0682493638743566,10.533275424413455,173
STN-174,Incheon,2000,1000,37.4857599,126.645437,GREEN,2021-12-28 09:17:41,20757939.40511667,0.5926966292134832,0.7134831460674157,60.51966292134831,85,0.0373351507506934,10.113460552548544,174
STN-175,Incheon,1500,2903,37.4881367,126.6456022,GREEN,2021-12-28 09:10:30,20757939.40511667,0.0842696629213483,0.2808988764044944,31.320224719101127,162,0.0373351507506934,6.363460552548543,175
STN-176,Incheon,1400,2190,37.4872663,126.6211871,GREEN,2021-12-28 12:36:46,20757939.40511667,0.151685393258427,0.146067415730337,30.98314606741573,163,0.0373351507506934,5.613460552548545,176
STN-177,Incheon,1400,4900,37.4872953,126.6455178,GREEN,2021-12-28 12:22:13,20757939.40511667,0.0112359550561798,0.146067415730337,27.471910112359552,165,0.0373351507506934,5.613460552548545,177
STN-178,Incheon,1200,1300,37.4874669,126.6223249,GREEN,2021-12-28 12:41:02,20757939.40511667,0.449438202247191,0.0365168539325842,46.78370786516854,147,0.0373351507506934,4.113460552548545,178
